NAME,LINK
À L'ABRI DE LA TEMPÊTE,https://ambq.ca/microbrasseries/-l-abri-de-la-temp-te
À LA FÛT,https://ambq.ca/microbrasseries/-la-f-t
AUBERGE SUTTON BROUËRIE,https://ambq.ca/microbrasseries/auberge-sutton-brou-rie
BEAT & BETTERAVE NANOBRASSERIE,https://ambq.ca/microbrasseries/beat-betterave-nanobrasserie
BEAUREGARD BRASSERIE DISTILLERIE,https://ambq.ca/microbrasseries/beauregard-brasserie-distillerie
BEDONDAINE ET BEDONS RONDS,https://ambq.ca/microbrasseries/bedondaine-bedons-ronds
BENELUX BRASSERIE ARTISANALE,https://ambq.ca/microbrasseries/benelux-brasserie-artisanale
BILBOQUET MICROBRASSERIE,https://ambq.ca/microbrasseries/bilboquet-microbrasserie
BORÉALE - LES BRASSEURS DU NORD,https://ambq.ca/microbrasseries/bor-ale-les-brasseurs-du-nord
BOSWELL BRASSERIE ARTISANALE,https://ambq.ca/microbrasseries/boswell-brasserie-artisanale
11 COMTÉS,https://ambq.ca/microbrasseries/brasserie-11-comt-s
BRASSERIE ARTISANALE ALBION,https://ambq.ca/microbrasseries/brasserie-artisanale-albion
BRASSERIE ARTISANALE CHEZ GAMBRINUS,https://ambq.ca/microbrasseries/brasserie-artisanale-chez-gambrinus
BRASSERIE ARTISANALE L'AMÈRE À BOIRE,https://ambq.ca/microbrasseries/brasserie-artisanale-l-am-re-boire
BRASSERIE ARTISANALE LA KORRIGANE,https://ambq.ca/microbrasseries/brasserie-artisanale-la-korrigane
AUVAL BREWING CO.,https://ambq.ca/microbrasseries/brasserie-auval-brewing-co
DÉPAREILLÉE,https://ambq.ca/microbrasseries/brasserie-d-pareill-e
DUNHAM,https://ambq.ca/microbrasseries/brasserie-dunham
BRASSERIE ET DISTILLERIE OSHLAG,https://ambq.ca/microbrasseries/brasserie-et-distillerie-oshlag
BRASSERIE GÉNÉRALE,https://ambq.ca/microbrasseries/brasserie-g-n-rale
INOX,https://ambq.ca/microbrasseries/brasserie-inox
ISLE DE GARDE,https://ambq.ca/microbrasseries/brasserie-isle-de-garde
L'APOTHICAIRE,https://ambq.ca/microbrasseries/brasserie-l-apothicaire
MALTCO,https://ambq.ca/microbrasseries/brasserie-maltco
MCAUSLAN,https://ambq.ca/microbrasseries/brasserie-mcauslan
VROODEN,https://ambq.ca/microbrasseries/brasserie-vrooden
WILSY,https://ambq.ca/microbrasseries/brasserie-wilsy
BRASSEURS DU MONDE,https://ambq.ca/microbrasseries/brasseurs-du-monde
BRASSEURS DU MOULIN,https://ambq.ca/microbrasseries/brasseurs-du-moulin
BRASSEURS SUR DEMANDE,https://ambq.ca/microbrasseries/brasseurs-sur-demande
BRETT & SAUVAGE NANO-BRASSERIE,https://ambq.ca/microbrasseries/brett-sauvage-nano-brasserie
BROADWAY MICROBRASSERIE,https://ambq.ca/microbrasseries/broadway-microbrasserie
BROUE SHOP BRASSERIE ARTISANALE,https://ambq.ca/microbrasseries/broue-shop-brasserie-artisanale
BROUE-ALLIANCE,https://ambq.ca/microbrasseries/broue-alliance
COLLECTIF BRASSICOLE ENSEMBLE,https://ambq.ca/microbrasseries/collectif-brassicole-ensemble
CORSAIRE MICROBRASSERIE,https://ambq.ca/microbrasseries/corsaire-microbrasserie
CÔTE-DU-SUD MICROBRASSERIE,https://ambq.ca/microbrasseries/c-te-du-sud-microbrasserie
COUNTRY CLUB MICROBRASSERIE,https://ambq.ca/microbrasseries/country-club-microbrasserie
EMPORIUM MICROBRASSERIE,https://ambq.ca/microbrasseries/emporium-microbrasserie
FRAMPTON BRASSE,https://ambq.ca/microbrasseries/frampton-brasse
GAINSBOURG BISTRO-BRASSERIE,https://ambq.ca/microbrasseries/gainsbourg-bistro-brasserie
GRIENDEL BRASSERIE ARTISANALE,https://ambq.ca/microbrasseries/griendel-brasserie-artisanale
HELM - MICROBRASSERIE SUR BERNARD,https://ambq.ca/microbrasseries/helm-microbrasserie-sur-bernard
HOPERA MICROBRASSERIE & PIZZERIA,https://ambq.ca/microbrasseries/hopera-microbrasserie-pizzeria
L'ESPACE PUBLIC - BRASSEURS DE QUARTIER,https://ambq.ca/microbrasseries/l-espace-public-brasseurs-de-quartier
L'ESPRIT DE CLOCHER MICROBRASSERIE,https://ambq.ca/microbrasseries/l-esprit-de-clocher-microbrasserie
L'OCTANT MICROBRASSERIE,https://ambq.ca/microbrasseries/l-octant-microbrasserie
LA BARBERIE,https://ambq.ca/microbrasseries/la-barberie
LA VOIE MALTÉE - CHICOUTIMI,https://ambq.ca/microbrasseries/la-voie-malt-e
LAGABIÈRE MICROBRASSERIE,https://ambq.ca/microbrasseries/lagabi-re-microbrasserie
LE BIEN, LE MALT,https://ambq.ca/microbrasseries/le-bien-le-malt
LE CAVEAU DES TROIS-PISTOLES,https://ambq.ca/microbrasseries/le-caveau-des-trois-pistoles
LE CHEVAL BLANC,https://ambq.ca/microbrasseries/le-cheval-blanc
LE DISPENSAIRE DE BIÈRE,https://ambq.ca/microbrasseries/le-dispensaire-de-bi-re
LE KETCH - MICROBRASSERIE DU LITTORAL,https://ambq.ca/microbrasseries/le-ketch-microbrasserie-du-littoral
LE SAINT-FÛT MICROBRASSERIE COOPÉRATIVE,https://ambq.ca/microbrasseries/le-saint-f-t-microbrasserie-coop-rative
LE SECRET DES DIEUX,https://ambq.ca/microbrasseries/le-secret-des-dieux
LE TEMPS D'UNE PINTE,https://ambq.ca/microbrasseries/le-temps-d-une-pinte-brasseur-bistronome
LE TRÈFLE NOIR MICROBRASSERIE,https://ambq.ca/microbrasseries/le-tr-fle-noir-microbrasserie
LES 3 BRASSEURS CANADA,https://ambq.ca/microbrasseries/les-3-brasseurs-canada
LES BRASSEURS DE MONTEBELLO - USINE,https://ambq.ca/microbrasseries/les-brasseurs-de-montebello
LES BRASSEURS DU TEMPS,https://ambq.ca/microbrasseries/les-brasseurs-du-temps
LES BRASSEURS RJ,https://ambq.ca/microbrasseries/les-brasseurs-rj
LES TROIS MOUSQUETAIRES MICROBRASSEURS,https://ambq.ca/microbrasseries/les-trois-mousquetaires
LES BIÈRES DE LA NOUVELLE-FRANCE,https://ambq.ca/microbrasseries/microbrasserie-nouvelle-france
MENAUD,https://ambq.ca/microbrasseries/menaud
4 ORIGINES,https://ambq.ca/microbrasseries/microbrasserie-4-origines
AU FRONTIBUS,https://ambq.ca/microbrasseries/microbrasserie-au-frontibus
AUX FOUS BRASSANT,https://ambq.ca/microbrasseries/microbrasserie-aux-fous-brassant
BEEMER,https://ambq.ca/microbrasseries/microbrasserie-beemer
CHARLEVOIX,https://ambq.ca/microbrasseries/microbrasserie-charlevoix
DE BELLECHASSE,https://ambq.ca/microbrasseries/microbrasserie-de-bellechasse
DE L'ÎLE D'ORLÉANS,https://ambq.ca/microbrasseries/microbrasserie-de-l-le-d-orl-ans
DÉLIRES ET DÉLICES,https://ambq.ca/microbrasseries/microbrasserie-d-lires-et-d-lices
DES BEAUX PRÉS,https://ambq.ca/microbrasseries/microbrasserie-des-beaux-pr-s
DIEU DU CIEL!,https://ambq.ca/microbrasseries/microbrasserie-dieu-du-ciel
DU LAC-SAINT-JEAN,https://ambq.ca/microbrasseries/microbrasserie-du-lac-saint-jean
DU LIÈVRE,https://ambq.ca/microbrasseries/microbrasserie-du-li-vre
GLUTENBERG,https://ambq.ca/microbrasseries/microbrasserie-glutenberg
HOPFENSTARK,https://ambq.ca/microbrasseries/microbrasserie-hopfenstark
L'HERMITE,https://ambq.ca/microbrasseries/microbrasserie-l-hermite
LA BOITE À MALT,https://ambq.ca/microbrasseries/microbrasserie-la-boite-malt
LA CAPTIVE,https://ambq.ca/microbrasseries/microbrasserie-la-captive
LA CHASSE PINTE,https://ambq.ca/microbrasseries/microbrasserie-la-chasse-pinte
LA CHOUAPE,https://ambq.ca/microbrasseries/microbrasserie-la-chouape
LA COMPAGNIE DE SEPT-ÎLES,https://ambq.ca/microbrasseries/microbrasserie-la-compagnie-de-sept-les
LA FORGE DU MALT,https://ambq.ca/microbrasseries/microbrasserie-la-forge-du-malt
LA KNOWLTON CO.,https://ambq.ca/microbrasseries/microbrasserie-la-knowlton-co
LA PÉCHERESSE,https://ambq.ca/microbrasseries/microbrasserie-la-p-cheresse
LA SOUCHE,https://ambq.ca/microbrasseries/microbrasserie-la-souche
LA VEILLÉE,https://ambq.ca/microbrasseries/microbrasserie-la-veill-e
LABROSSE,https://ambq.ca/microbrasseries/microbrasserie-labrosse
LE BOCKALE,https://ambq.ca/microbrasseries/microbrasserie-le-bockale
LE CASTOR,https://ambq.ca/microbrasseries/microbrasserie-le-castor
LE COUREUR DES BOIS,https://ambq.ca/microbrasseries/microbrasserie-le-coureur-des-bois
LE FERMENTOR,https://ambq.ca/microbrasseries/microbrasserie-le-fermentor
LE GRIMOIRE,https://ambq.ca/microbrasseries/microbrasserie-le-grimoire
LE MALBORD,https://ambq.ca/microbrasseries/microbrasserie-le-malbord
LE NAUFRAGEUR,https://ambq.ca/microbrasseries/microbrasserie-le-naufrageur
LE PRESBYTÈRE,https://ambq.ca/microbrasseries/microbrasserie-le-presbyt-re
LE PROSPECTEUR,https://ambq.ca/microbrasseries/microbrasserie-le-prospecteur
LES GRANDS BOIS,https://ambq.ca/microbrasseries/microbrasserie-les-grands-bois
LION BLEU,https://ambq.ca/microbrasseries/microbrasserie-lion-bleu
MALTÉUS,https://ambq.ca/microbrasseries/microbrasserie-malt-us
MALTSTROM,https://ambq.ca/microbrasseries/microbrasserie-maltstrom
MOULIN 7,https://ambq.ca/microbrasseries/microbrasserie-moulin7
NOIRE ET BLANCHE,https://ambq.ca/microbrasseries/microbrasserie-noire-et-blanche
Ô QUAI DES BRASSEURS,https://ambq.ca/microbrasseries/microbrasserie-quai-des-brasseurs
PIT CARIBOU,https://ambq.ca/microbrasseries/microbrasserie-pit-caribou
RIVERBEND,https://ambq.ca/microbrasseries/microbrasserie-riverbend
RUISSEAU NOIR,https://ambq.ca/microbrasseries/microbrasserie-ruisseau-noir
SAINT-HONORÉ,https://ambq.ca/microbrasseries/microbrasserie-saint-honor
SAINT-PANCRACE,https://ambq.ca/microbrasseries/microbrasserie-saint-pancrace
TADOUSSAC,https://ambq.ca/microbrasseries/microbrasserie-tadoussac
TROIS LACS,https://ambq.ca/microbrasseries/microbrasserie-trois-lacs
NOCTEM ARTISANS BRASSEURS,https://ambq.ca/microbrasseries/noctem-artisans-brasseurs
OVERHOP BIÈRES ARTISANALES,https://ambq.ca/microbrasseries/overhop-bi-res-artisanales
OXYMORE MICROBRASSERIE,https://ambq.ca/microbrasseries/oxymore-microbrasserie
PIE BRAQUE MICROBRASSERIE,https://ambq.ca/microbrasseries/pie-braque-microbrasserie
RAS L'BOCK,https://ambq.ca/microbrasseries/ras-l-bock
ROBIN - BIÈRE NATURELLE,https://ambq.ca/microbrasseries/robin-bi-re-naturelle
SAINT-HOUBLON LA MICROBRASSERIE,https://ambq.ca/microbrasseries/saint-houblon-la-microbrasserie
SHAWBRIDGE MICROBRASSERIE & CHARCUTERIES,https://ambq.ca/microbrasseries/shawbridge-microbrasserie-charcuteries
SIBOIRE,https://ambq.ca/microbrasseries/siboire
SNO MICROBRASSERIE NORDIK,https://ambq.ca/microbrasseries/sno-microbrasserie-nordik
TÊTE D'ALLUMETTE MICROBRASSERIE,https://ambq.ca/microbrasseries/t-te-d-allumette-microbrasserie
TRÉCARRÉ MICROBRASSERIE,https://ambq.ca/microbrasseries/tr-carr-microbrasserie
FARNHAM,https://farnham-alelager.com/
VILAINS,https://www.instagram.com/vilainsbrasseurs/?hl=en
